Name,Address,Latitude,Longitude,Notes,Group,Button Link,Tags,Use HTML,New Latitude,New Longitude
Riverbend Delegation Services (Demo 001),Asotin,46.21,-117.24,(555) 0100-1000,,demo001@example.com,900000.0,Demo Provider,46.28547,-117.53929
Meadow Nursing Group (Demo 002),Spokane,47.62,-117.4,(555) 0101-1001,,demo002@example.com,900001.0,Demo Provider,47.399,-117.39479
Harbor Delegation Services (Demo 003),Pierce,47.04,-122.14,(555) 0102-1002,,demo003@example.com,900002.0,Demo Provider,46.99909,-122.32154
Cascade Nursing Group (Demo 004),Cowlitz,46.19,-122.68,(555) 0103-1003,,demo004@example.com,900003.0,Demo Provider,46.0019,-122.87373
Sound Nurse Delegation (Demo 005),Pierce,47.04,-122.14,(555) 0104-1004,,demo005@example.com,900004.0,Demo Provider,47.27813,-122.45739
Northstar Delegation Services (Demo 006),Clark,45.77,-122.48,(555) 0105-1005,,demo006@example.com,900005.0,Demo Provider,45.59213,-122.74755
Cedar Nurse Delegation (Demo 007),Kitsap,47.64,-122.65,(555) 0106-1006,,demo007@example.com,900006.0,Demo Provider,47.6808,-122.55276
Summit Nursing Group (Demo 008),Grant,47.21,-119.45,(555) 0107-1007,,demo008@example.com,900007.0,Demo Provider,47.31606,-119.40494
Sunrise RN Consulting (Demo 009),Yakima,46.46,-120.74,(555) 0108-1008,,demo009@example.com,900008.0,Demo Provider,46.47586,-120.54594
Timber Home Health (Demo 010),Skagit,48.48,-121.81,(555) 0109-1009,,demo010@example.com,900009.0,Demo Provider,48.37988,-121.60393
Harbor Nursing Group (Demo 011),Whatcom,48.83,-121.72,(555) 0110-1010,,demo011@example.com,900010.0,Demo Provider,48.73012,-121.72342
Timber Home Health (Demo 012),Asotin,46.21,-117.24,(555) 0111-1011,,demo012@example.com,900011.0,Demo Provider,46.26448,-117.53876
Cedar Home Health (Demo 013),Cowlitz,46.19,-122.68,(555) 0112-1012,,demo013@example.com,900012.0,Demo Provider,46.01599,-122.68773
Harbor Nursing Group (Demo 014),Pierce,47.04,-122.14,(555) 0113-1013,,demo014@example.com,900013.0,Demo Provider,47.07651,-121.87717
Bluewater RN Consulting (Demo 015),Asotin,46.21,-117.24,(555) 0114-1014,,demo015@example.com,900014.0,Demo Provider,46.13509,-117.24233
Harbor Nurse Delegation (Demo 016),Skagit,48.48,-121.81,(555) 0115-1015,,demo016@example.com,900015.0,Demo Provider,48.70234,-121.82813
Cascade RN Consulting (Demo 017),Snohomish,48.05,-121.72,(555) 0116-1016,,demo017@example.com,900016.0,Demo Provider,48.15075,-121.61701
Northstar RN Consulting (Demo 018),Skagit,48.48,-121.81,(555) 0117-1017,,demo018@example.com,900017.0,Demo Provider,48.4229,-121.69194
Timber Home Health (Demo 019),King,47.49,-121.83,(555) 0118-1018,,demo019@example.com,900018.0,Demo Provider,47.32402,-122.09803
Orchard Home Health (Demo 020),Pierce,47.04,-122.14,(555) 0119-1019,,demo020@example.com,900019.0,Demo Provider,46.85467,-122.31667
Sunrise Nurse Delegation (Demo 021),Chelan,47.86,-120.62,(555) 0120-1020,,demo021@example.com,900020.0,Demo Provider,47.69318,-120.68885
Riverbend Delegation Services (Demo 022),Benton,46.24,-119.5,(555) 0121-1021,,demo022@example.com,900021.0,Demo Provider,46.42199,-119.65511
Meadow RN Consulting (Demo 023),Cowlitz,46.19,-122.68,(555) 0122-1022,,demo023@example.com,900022.0,Demo Provider,46.3821,-122.35959
Harbor Care Partners (Demo 024),Clark,45.77,-122.48,(555) 0123-1023,,demo024@example.com,900023.0,Demo Provider,45.59565,-122.36904
Sunrise Nursing Group (Demo 025),King,47.49,-121.83,(555) 0124-1024,,demo025@example.com,900024.0,Demo Provider,47.33117,-121.98265
Valley Nursing Group (Demo 026),Clark,45.77,-122.48,(555) 0125-1025,,demo026@example.com,900025.0,Demo Provider,45.70463,-122.43356
Cascade Delegation Services (Demo 027),Clark,45.77,-122.48,(555) 0126-1026,,demo027@example.com,900026.0,Demo Provider,45.96977,-122.28402
Sound Delegation Services (Demo 028),Chelan,47.86,-120.62,(555) 0127-1027,,demo028@example.com,900027.0,Demo Provider,47.80706,-120.63293
Cascade Care Partners (Demo 029),Chelan,47.86,-120.62,(555) 0128-1028,,demo029@example.com,900028.0,Demo Provider,47.64367,-120.82387
Summit Home Health (Demo 030),Thurston,46.93,-122.83,(555) 0129-1029,,demo030@example.com,900029.0,Demo Provider,46.98036,-123.10833
Summit Home Health (Demo 031),Clark,45.77,-122.48,(555) 0130-1030,,demo031@example.com,900030.0,Demo Provider,45.82687,-122.78078
Sound Care Partners (Demo 032),Yakima,46.46,-120.74,(555) 0131-1031,,demo032@example.com,900031.0,Demo Provider,46.5272,-120.42117
Sunrise Nurse Delegation (Demo 033),Grant,47.21,-119.45,(555) 0132-1032,,demo033@example.com,900032.0,Demo Provider,47.01768,-119.45835
Sunrise Delegation Services (Demo 034),Skagit,48.48,-121.81,(555) 0133-1033,,demo034@example.com,900033.0,Demo Provider,48.38593,-122.05912
Lakeside Delegation Services (Demo 035),Asotin,46.21,-117.24,(555) 0134-1034,,demo035@example.com,900034.0,Demo Provider,46.37443,-117.47699
Orchard Nursing Group (Demo 036),King,47.49,-121.83,(555) 0135-1035,,demo036@example.com,900035.0,Demo Provider,47.42088,-121.69695
Northstar RN Consulting (Demo 037),King,47.49,-121.83,(555) 0136-1036,,demo037@example.com,900036.0,Demo Provider,47.67166,-121.69266
Meadow Care Partners (Demo 038),Benton,46.24,-119.5,(555) 0137-1037,,demo038@example.com,900037.0,Demo Provider,46.16785,-119.69405
Pinecrest Nursing Group (Demo 039),Asotin,46.21,-117.24,(555) 0138-1038,,demo039@example.com,900038.0,Demo Provider,46.36576,-116.90055
Pinecrest Delegation Services (Demo 040),Yakima,46.46,-120.74,(555) 0139-1039,,demo040@example.com,900039.0,Demo Provider,46.57994,-120.93128
Meadow RN Consulting (Demo 041),Lewis,46.58,-122.39,(555) 0140-1040,,demo041@example.com,900040.0,Demo Provider,46.34449,-122.72044
Sunrise Home Health (Demo 042),Benton,46.24,-119.5,(555) 0141-1041,,demo042@example.com,900041.0,Demo Provider,46.08682,-119.4264
Timber RN Consulting (Demo 043),Grant,47.21,-119.45,(555) 0142-1042,,demo043@example.com,900042.0,Demo Provider,47.45402,-119.1315
Harbor Care Partners (Demo 044),Grant,47.21,-119.45,(555) 0143-1043,,demo044@example.com,900043.0,Demo Provider,47.01108,-119.47094
Orchard Delegation Services (Demo 045),Asotin,46.21,-117.24,(555) 0144-1044,,demo045@example.com,900044.0,Demo Provider,46.27203,-116.95978
Sunrise RN Consulting (Demo 046),King,47.49,-121.83,(555) 0145-1045,,demo046@example.com,900045.0,Demo Provider,47.412,-121.72981
Sound RN Consulting (Demo 047),Spokane,47.62,-117.4,(555) 0146-1046,,demo047@example.com,900046.0,Demo Provider,47.74507,-117.41538
Valley RN Consulting (Demo 048),Thurston,46.93,-122.83,(555) 0147-1047,,demo048@example.com,900047.0,Demo Provider,46.84626,-122.61942
Timber Delegation Services (Demo 049),Chelan,47.86,-120.62,(555) 0148-1048,,demo049@example.com,900048.0,Demo Provider,47.98168,-120.91056
Cedar Care Partners (Demo 050),Thurston,46.93,-122.83,(555) 0149-1049,,demo050@example.com,900049.0,Demo Provider,46.69377,-122.76643
Riverbend Nursing Group (Demo 051),Skagit,48.48,-121.81,(555) 0150-1050,,demo051@example.com,900050.0,Demo Provider,48.64326,-121.47379
Riverbend Nursing Group (Demo 052),Grant,47.21,-119.45,(555) 0151-1051,,demo052@example.com,900051.0,Demo Provider,47.23414,-119.78502
Riverbend Delegation Services (Demo 053),Spokane,47.62,-117.4,(555) 0152-1052,,demo053@example.com,900052.0,Demo Provider,47.86327,-117.61364
Evergreen Home Health (Demo 054),Yakima,46.46,-120.74,(555) 0153-1053,,demo054@example.com,900053.0,Demo Provider,46.31639,-120.73919
Lakeside Nursing Group (Demo 055),Asotin,46.21,-117.24,(555) 0154-1054,,demo055@example.com,900054.0,Demo Provider,46.16951,-117.49825
Timber RN Consulting (Demo 056),Grant,47.21,-119.45,(555) 0155-1055,,demo056@example.com,900055.0,Demo Provider,47.25167,-119.16699
Riverbend Nursing Group (Demo 057),Cowlitz,46.19,-122.68,(555) 0156-1056,,demo057@example.com,900056.0,Demo Provider,46.01592,-122.67262
Cedar Nursing Group (Demo 058),Skagit,48.48,-121.81,(555) 0157-1057,,demo058@example.com,900057.0,Demo Provider,48.23197,-121.60058
Riverbend Delegation Services (Demo 059),Thurston,46.93,-122.83,(555) 0158-1058,,demo059@example.com,900058.0,Demo Provider,46.98955,-123.09576
Bluewater RN Consulting (Demo 060),Pierce,47.04,-122.14,(555) 0159-1059,,demo060@example.com,900059.0,Demo Provider,47.04917,-122.10119
Cascade Care Partners (Demo 061),Spokane,47.62,-117.4,(555) 0160-1060,,demo061@example.com,900060.0,Demo Provider,47.46565,-117.72046
Timber Nursing Group (Demo 062),Spokane,47.62,-117.4,(555) 0161-1061,,demo062@example.com,900061.0,Demo Provider,47.38393,-117.12419
Timber Home Health (Demo 063),Snohomish,48.05,-121.72,(555) 0162-1062,,demo063@example.com,900062.0,Demo Provider,48.10626,-121.71611
Lakeside Delegation Services (Demo 064),Yakima,46.46,-120.74,(555) 0163-1063,,demo064@example.com,900063.0,Demo Provider,46.46408,-120.52485
Lakeside Nursing Group (Demo 065),Whatcom,48.83,-121.72,(555) 0164-1064,,demo065@example.com,900064.0,Demo Provider,49.02638,-121.92819
Riverbend Delegation Services (Demo 066),Skagit,48.48,-121.81,(555) 0165-1065,,demo066@example.com,900065.0,Demo Provider,48.29081,-121.85052
Pinecrest Delegation Services (Demo 067),Snohomish,48.05,-121.72,(555) 0166-1066,,demo067@example.com,900066.0,Demo Provider,47.83656,-121.60137
Riverbend RN Consulting (Demo 068),Spokane,47.62,-117.4,(555) 0167-1067,,demo068@example.com,900067.0,Demo Provider,47.69173,-117.49367
Riverbend Delegation Services (Demo 069),Benton,46.24,-119.5,(555) 0168-1068,,demo069@example.com,900068.0,Demo Provider,46.09979,-119.18325
Sunrise Care Partners (Demo 070),Chelan,47.86,-120.62,(555) 0169-1069,,demo070@example.com,900069.0,Demo Provider,48.10494,-120.38729
Valley Nursing Group (Demo 071),Thurston,46.93,-122.83,(555) 0170-1070,,demo071@example.com,900070.0,Demo Provider,46.8819,-122.88511
Bluewater Nurse Delegation (Demo 072),Grant,47.21,-119.45,(555) 0171-1071,,demo072@example.com,900071.0,Demo Provider,47.32108,-119.78636
Timber RN Consulting (Demo 073),Skagit,48.48,-121.81,(555) 0172-1072,,demo073@example.com,900072.0,Demo Provider,48.23904,-121.92795
Harbor Nurse Delegation (Demo 074),Kitsap,47.64,-122.65,(555) 0173-1073,,demo074@example.com,900073.0,Demo Provider,47.88254,-122.44815
Harbor Home Health (Demo 075),Spokane,47.62,-117.4,(555) 0174-1074,,demo075@example.com,900074.0,Demo Provider,47.50596,-117.11587
Lakeside Care Partners (Demo 076),Thurston,46.93,-122.83,(555) 0175-1075,,demo076@example.com,900075.0,Demo Provider,47.08989,-122.58529
Sound Care Partners (Demo 077),Benton,46.24,-119.5,(555) 0176-1076,,demo077@example.com,900076.0,Demo Provider,46.2583,-119.48965
Bluewater Nurse Delegation (Demo 078),Lewis,46.58,-122.39,(555) 0177-1077,,demo078@example.com,900077.0,Demo Provider,46.46953,-122.18029
Valley Nurse Delegation (Demo 079),Thurston,46.93,-122.83,(555) 0178-1078,,demo079@example.com,900078.0,Demo Provider,46.81446,-123.16822
Lakeside Nurse Delegation (Demo 080),Snohomish,48.05,-121.72,(555) 0179-1079,,demo080@example.com,900079.0,Demo Provider,48.10409,-121.91431
Summit Delegation Services (Demo 081),Benton,46.24,-119.5,(555) 0180-1080,,demo081@example.com,900080.0,Demo Provider,45.99577,-119.15399
Lakeside Nursing Group (Demo 082),Cowlitz,46.19,-122.68,(555) 0181-1081,,demo082@example.com,900081.0,Demo Provider,46.00461,-122.66116
Summit Care Partners (Demo 083),Whatcom,48.83,-121.72,(555) 0182-1082,,demo083@example.com,900082.0,Demo Provider,48.71095,-121.9432
Northstar Nursing Group (Demo 084),Kitsap,47.64,-122.65,(555) 0183-1083,,demo084@example.com,900083.0,Demo Provider,47.76975,-122.79703
Lakeside Home Health (Demo 085),Thurston,46.93,-122.83,(555) 0184-1084,,demo085@example.com,900084.0,Demo Provider,47.08184,-122.48385
Evergreen Nurse Delegation (Demo 086),Pierce,47.04,-122.14,(555) 0185-1085,,demo086@example.com,900085.0,Demo Provider,47.15654,-122.10427
Sunrise Care Partners (Demo 087),Yakima,46.46,-120.74,(555) 0186-1086,,demo087@example.com,900086.0,Demo Provider,46.67732,-121.0156
Sunrise Nursing Group (Demo 088),Cowlitz,46.19,-122.68,(555) 0187-1087,,demo088@example.com,900087.0,Demo Provider,46.35731,-122.75484
Orchard Care Partners (Demo 089),Kitsap,47.64,-122.65,(555) 0188-1088,,demo089@example.com,900088.0,Demo Provider,47.56135,-122.4174
Sound Home Health (Demo 090),Clark,45.77,-122.48,(555) 0189-1089,,demo090@example.com,900089.0,Demo Provider,46.01094,-122.24411
Harbor RN Consulting (Demo 091),King,47.49,-121.83,(555) 0190-1090,,demo091@example.com,900090.0,Demo Provider,47.61044,-122.00108
Cascade Nurse Delegation (Demo 092),Thurston,46.93,-122.83,(555) 0191-1091,,demo092@example.com,900091.0,Demo Provider,47.01261,-122.91338
Pinecrest RN Consulting (Demo 093),Kitsap,47.64,-122.65,(555) 0192-1092,,demo093@example.com,900092.0,Demo Provider,47.53653,-122.67838
Lakeside Delegation Services (Demo 094),Thurston,46.93,-122.83,(555) 0193-1093,,demo094@example.com,900093.0,Demo Provider,46.68181,-122.9251
Bluewater Care Partners (Demo 095),Asotin,46.21,-117.24,(555) 0194-1094,,demo095@example.com,900094.0,Demo Provider,45.97722,-116.97233
Meadow Care Partners (Demo 096),Yakima,46.46,-120.74,(555) 0195-1095,,demo096@example.com,900095.0,Demo Provider,46.21053,-120.82286
Lakeside Nursing Group (Demo 097),Lewis,46.58,-122.39,(555) 0196-1096,,demo097@example.com,900096.0,Demo Provider,46.65801,-122.56627
Harbor Home Health (Demo 098),King,47.49,-121.83,(555) 0197-1097,,demo098@example.com,900097.0,Demo Provider,47.64852,-122.07929
Sound Nurse Delegation (Demo 099),Pierce,47.04,-122.14,(555) 0198-1098,,demo099@example.com,900098.0,Demo Provider,46.93982,-122.04923
Riverbend RN Consulting (Demo 100),Snohomish,48.05,-121.72,(555) 0199-1099,,demo100@example.com,900099.0,Demo Provider,48.2464,-121.52117
Bluewater RN Consulting (Demo 101),Chelan,47.86,-120.62,(555) 0100-1100,,demo101@example.com,900100.0,Demo Provider,48.10236,-120.86538
Cascade RN Consulting (Demo 102),Clark,45.77,-122.48,(555) 0101-1101,,demo102@example.com,900101.0,Demo Provider,45.96597,-122.39087
Evergreen RN Consulting (Demo 103),Clark,45.77,-122.48,(555) 0102-1102,,demo103@example.com,900102.0,Demo Provider,45.81203,-122.20502
Harbor Nurse Delegation (Demo 104),Whatcom,48.83,-121.72,(555) 0103-1103,,demo104@example.com,900103.0,Demo Provider,48.60093,-121.62402
Sound Delegation Services (Demo 105),Spokane,47.62,-117.4,(555) 0104-1104,,demo105@example.com,900104.0,Demo Provider,47.64926,-117.31056
Sunrise Home Health (Demo 106),Whatcom,48.83,-121.72,(555) 0105-1105,,demo106@example.com,900105.0,Demo Provider,48.58166,-121.51161
Harbor RN Consulting (Demo 107),Snohomish,48.05,-121.72,(555) 0106-1106,,demo107@example.com,900106.0,Demo Provider,48.16839,-121.89346
Lakeside Care Partners (Demo 108),Snohomish,48.05,-121.72,(555) 0107-1107,,demo108@example.com,900107.0,Demo Provider,48.16467,-121.92635
Sunrise Delegation Services (Demo 109),Skagit,48.48,-121.81,(555) 0108-1108,,demo109@example.com,900108.0,Demo Provider,48.26837,-121.52267
Cascade Nursing Group (Demo 110),Kitsap,47.64,-122.65,(555) 0109-1109,,demo110@example.com,900109.0,Demo Provider,47.7064,-122.8612
Bluewater Home Health (Demo 111),Clark,45.77,-122.48,(555) 0110-1110,,demo111@example.com,900110.0,Demo Provider,45.84577,-122.34498
Evergreen Delegation Services (Demo 112),Clark,45.77,-122.48,(555) 0111-1111,,demo112@example.com,900111.0,Demo Provider,45.55033,-122.64186
Orchard RN Consulting (Demo 113),Spokane,47.62,-117.4,(555) 0112-1112,,demo113@example.com,900112.0,Demo Provider,47.61481,-117.25379
Timber Delegation Services (Demo 114),Kitsap,47.64,-122.65,(555) 0113-1113,,demo114@example.com,900113.0,Demo Provider,47.62317,-122.91705
Northstar Nurse Delegation (Demo 115),Yakima,46.46,-120.74,(555) 0114-1114,,demo115@example.com,900114.0,Demo Provider,46.67813,-121.07775
Harbor Nursing Group (Demo 116),Skagit,48.48,-121.81,(555) 0115-1115,,demo116@example.com,900115.0,Demo Provider,48.71405,-121.84538
Sound Care Partners (Demo 117),Benton,46.24,-119.5,(555) 0116-1116,,demo117@example.com,900116.0,Demo Provider,46.44828,-119.19862
Harbor Care Partners (Demo 118),Snohomish,48.05,-121.72,(555) 0117-1117,,demo118@example.com,900117.0,Demo Provider,48.17374,-121.88673
Riverbend Nursing Group (Demo 119),Grant,47.21,-119.45,(555) 0118-1118,,demo119@example.com,900118.0,Demo Provider,47.37011,-119.44388
Meadow Care Partners (Demo 120),Spokane,47.62,-117.4,(555) 0119-1119,,demo120@example.com,900119.0,Demo Provider,47.61894,-117.1367
